strategy,repeat,macro_f1,support_f1,deny_f1,query_f1,comment_f1
classifier,1,0.5474881487919427,0.3384615384615385,0.35294117647058826,0.7280701754385965,0.770479704797048
