,precision,recall,f1-score,support
support,0.3592233009708738,0.39361702127659576,0.3756345177664975,94.0
deny,0.32608695652173914,0.6338028169014085,0.430622009569378,71.0
query,0.5921052631578947,0.8490566037735849,0.6976744186046512,106.0
comment,0.8902439024390244,0.7506426735218509,0.8145048814504882,778.0
accuracy,0.7206863679694948,0.7206863679694948,0.7206863679694948,0.7206863679694948
macro avg,0.541914855772383,0.65677977886836,0.5796089568477537,1049.0
weighted avg,0.7743489782617764,0.7206863679694948,0.7373899842612482,1049.0
