strategy,repeat,macro_f1,support_f1,deny_f1,query_f1,comment_f1
classifier,1,0.5796089568477537,0.3756345177664975,0.430622009569378,0.6976744186046512,0.8145048814504882
