{
  "macro_f1": 0.6052374078846786,
  "weighted_f1": 0.7698617931025148,
  "test_size": 1049,
  "per_class": {
    "support": {
      "precision": 0.45977011494252873,
      "recall": 0.425531914893617,
      "f1": 0.4419889502762431,
      "support": 94
    },
    "deny": {
      "precision": 0.3185840707964602,
      "recall": 0.5070422535211268,
      "f1": 0.391304347826087,
      "support": 71
    },
    "query": {
      "precision": 0.6666666666666666,
      "recall": 0.8301886792452831,
      "f1": 0.7394957983193278,
      "support": 106
    },
    "comment": {
      "precision": 0.8842398884239888,
      "recall": 0.8149100257069408,
      "f1": 0.8481605351170568,
      "support": 778
    }
  },
  "confusion_matrix": [
    [
      40,
      13,
      4,
      37
    ],
    [
      3,
      36,
      1,
      31
    ],
    [
      0,
      3,
      88,
      15
    ],
    [
      44,
      61,
      39,
      634
    ]
  ]
}