strategy,repeat,macro_f1,support_f1,deny_f1,query_f1,comment_f1
classifier,1,0.6833556896707972,0.3346938775510204,0.35772357723577236,0.7124463519313304,0.7685589519650655
